[
  {
    "id": "4a765d19-89a6-4dbd-b38a-1d8fcf8a6316",
    "data": [
      {
        "text": "meals",
        "meta": "@sys.any",
        "alias": "any",
        "userDefined": true
      }
    ],
    "isTemplate": false,
    "count": 0,
    "lang": "en",
    "updated": 0
  },
  {
    "id": "31515290-1e3d-4cac-a332-360e5be44cc4",
    "data": [
      {
        "text": "ice ",
        "userDefined": false
      },
      {
        "text": "cream",
        "meta": "@sys.any",
        "alias": "any",
        "userDefined": true
      }
    ],
    "isTemplate": false,
    "count": 0,
    "lang": "en",
    "updated": 0
  },
  {
    "id": "9852f6de-d084-4bef-bffd-590df4caa9b8",
    "data": [
      {
        "text": "coke",
        "meta": "@sys.any",
        "alias": "any",
        "userDefined": true
      }
    ],
    "isTemplate": false,
    "count": 0,
    "lang": "en",
    "updated": 0
  },
  {
    "id": "a3001f70-fe59-4044-a914-b088e05343ad",
    "data": [
      {
        "text": "biryani",
        "meta": "@sys.any",
        "alias": "any",
        "userDefined": true
      }
    ],
    "isTemplate": false,
    "count": 0,
    "lang": "en",
    "updated": 0
  },
  {
    "id": "ccdd22db-d17b-4137-ade5-50ded93a7a09",
    "data": [
      {
        "text": "food",
        "meta": "@sys.any",
        "alias": "any",
        "userDefined": true
      }
    ],
    "isTemplate": false,
    "count": 0,
    "lang": "en",
    "updated": 0
  },
  {
    "id": "73680f80-f638-4ae0-84c9-1d010d51d070",
    "data": [
      {
        "text": "soda",
        "meta": "@sys.any",
        "alias": "any",
        "userDefined": true
      }
    ],
    "isTemplate": false,
    "count": 0,
    "lang": "en",
    "updated": 0
  },
  {
    "id": "209597f4-dca2-4666-be0a-6d2f95a783dc",
    "data": [
      {
        "text": "paneer ",
        "userDefined": false
      },
      {
        "text": "tikka",
        "meta": "@sys.any",
        "alias": "any",
        "userDefined": true
      }
    ],
    "isTemplate": false,
    "count": 0,
    "lang": "en",
    "updated": 0
  }
]