[
  {
    "id": "fbec0a0d-bd69-499e-ae9f-0617a3704c04",
    "data": [
      {
        "text": "dessert and drinks",
        "userDefined": false
      }
    ],
    "isTemplate": false,
    "count": 0,
    "lang": "en",
    "updated": 0
  },
  {
    "id": "e1aee4cf-8e9e-42ad-a728-560122ec7a6f",
    "data": [
      {
        "text": "drinks",
        "userDefined": false
      }
    ],
    "isTemplate": false,
    "count": 0,
    "lang": "en",
    "updated": 0
  },
  {
    "id": "4671fe37-a662-40cd-b9fd-4b017606f11a",
    "data": [
      {
        "text": "dessert",
        "userDefined": false
      }
    ],
    "isTemplate": false,
    "count": 0,
    "lang": "en",
    "updated": 0
  }
]